"anio","produccion_total","superficie_sembrada","superficie_cosechada","rendimiento_ponderado"
2000,27266252,10927330,10612893,2569.16
2001,29962194,11627961,11394403,2629.55
2002,34785121,12590244,12403394,2804.48
2003,31560148,14513106,14291714,2208.28
2004,38287103,14390630,14027875,2729.36
2005,40489266,15368083,15107896,2680.01
2006,47431082,16110038,15952040,2973.36
2007,46150651,16571885,16352459,2822.25
2008,31716061,17982253,16712868,1897.70
2009,53247361,18392752,18217927,2922.80
2010,48869309,18877880,18740860,2607.63
2011,40097644,18665148,17574258,2281.61
2012,49065189,19802772,19189325,2556.90
2013,53398720,19705342,19252952,2773.53
2014,61398277,19792100,19334915,3175.51
2015,59095247,20562233,19590871,3016.47
2016,54674596,17946870,17227555,3173.67
