"provincia_nombre","departamento_nombre","produccion_total"
"Santa Fe","General López",34791453
"Córdoba","Marcos Juárez",32544476
"Córdoba","Unión",28212541
"Córdoba","Río Cuarto",22346368
"Córdoba","San Justo",17344723
"Córdoba","Río Primero",15286991
"Santa Fe","San Martín",15231421
"Santa Fe","Iriondo",15002845
"Santa Fe","Caseros",14788076
"Córdoba","Tercero Arriba",13651538
"Córdoba","Río Segundo",12920504
"Córdoba","Juárez Celman",12690497
"Santa Fe","Constitución",12371677
"Santa Fe","San Jerónimo",12310180
"Córdoba","General Roca",12162664
"Santa Fe","Castellanos",11753760
"Buenos Aires","Pergamino",11187182
"Córdoba","Presidente Roque Sáenz Peña",10587810
"Salta","Anta",9863889
"Santa Fe","Belgrano",9786607
"Buenos Aires","General Villegas",9786444
"Santa Fe","Las Colonias",9569307
"Santa Fe","San Lorenzo",8318391
"Córdoba","General San Martín",8030622
"Entre Ríos","Paraná",7259714
"Santiago del Estero","Moreno",7232324
"Buenos Aires","9 de Julio",7106282
"Santa Fe","Rosario",7002375
"Buenos Aires","Chacabuco",6712850
"Buenos Aires","Lincoln",6634163
"Buenos Aires","Junín",6451879
"Buenos Aires","Rivadavia",6441961
"Buenos Aires","Rojas",6359160
"Buenos Aires","Salto",6068851
"Buenos Aires","Trenque Lauquen",5850674
"Entre Ríos","Gualeguaychú",5825781
"Buenos Aires","Pehuajó",5598177
"Buenos Aires","General Arenales",5380924
"Santa Fe","San Justo",5360745
"Córdoba","Totoral",5353942
"Santiago del Estero","General Taboada",5284778
"Córdoba","Santa María",5058570
"Buenos Aires","Bragado",4965433
"Córdoba","Colón",4878322
"Entre Ríos","Victoria",4648754
"Entre Ríos","La Paz",4625276
"Entre Ríos","Uruguay",4620479
"Entre Ríos","Nogoyá",4570131
"Entre Ríos","Gualeguay",4491606
"Buenos Aires","Leandro N. Alem",4450529
